{
  "Trained Q-Learning": [
    -923.085,
    3.116016666666667
  ],
  "Trained SARSA": [
    -946.06,
    3.1950166666666666
  ],
  "Trained DQN": [
    -933.62,
    3.1549666666666667
  ],
  "Longest Queue First": [
    -1076.845,
    3.6327666666666665
  ],
  "Fixed-Time (5 step)": [
    -3507.59,
    11.696066666666667
  ],
  "Fixed-Time (10step)": [
    -3122.36,
    10.4172
  ],
  "Random Switch": [
    -3386.52,
    11.293366666666667
  ]
}