{
  "Trained Q-Learning": [
    -952.905,
    3.2131
  ],
  "Trained SARSA": [
    -931.27,
    3.1454
  ],
  "Trained DQN": [
    -895.635,
    3.0231166666666667
  ],
  "Longest Queue First": [
    -1073.95,
    3.6233
  ],
  "Fixed-Time (5 step)": [
    -3511.285,
    11.70865
  ],
  "Fixed-Time (10step)": [
    -3127.62,
    10.436916666666667
  ],
  "Random Switch": [
    -3381.565,
    11.276566666666668
  ]
}